종목코드,종목명,시장구분,업종명,종가,대비,등락률,시가총액
"095570","AJ네트웍스","KOSPI","일반서비스","5040","0","0.00","228073905360"
"006840","AK홀딩스","KOSPI","기타금융","7800","-30","-0.38","103330975800"
"027410","BGF","KOSPI","기타금융","4265","-10","-0.23","408232113615"
"282330","BGF리테일","KOSPI","유통","120700","-700","-0.58","2086167454200"
"138930","BNK금융지주","KOSPI","기타금융","18480","-280","-1.49","5734843569840"
"001460","BYC","KOSPI","섬유·의류","46100","1650","3.71","287947515000"
"001465","BYC우","KOSPI","섬유·의류","27100","400","1.50","58369335000"
"001040","CJ","KOSPI","기타금융","197000","-3000","-1.50","5747868606000"
"079160","CJ CGV","KOSPI","오락·문화","4820","-135","-2.72","798107004120"
"00104K","CJ4우(전환)","KOSPI","기타금융","171100","-3400","-1.95","723156203200"
"000120","CJ대한통운","KOSPI","운송·창고","112800","-5100","-4.33","2573232403200"
"011150","CJ씨푸드","KOSPI","음식료·담배","2660","-30","-1.12","95575856180"
"011155","CJ씨푸드1우","KOSPI","음식료·담배","13540","-270","-1.96","2708000000"
"001045","CJ우","KOSPI","기타금융","89500","200","0.22","202289958500"
"097950","CJ제일제당","KOSPI","음식료·담배","200000","-3500","-1.72","3010837200000"
"097955","CJ제일제당 우","KOSPI","음식료·담배","128700","-1300","-1.00","170840627100"
"000480","CR홀딩스","KOSPI","비금속","4950","-20","-0.40","232107925500"
"000590","CS홀딩스","KOSPI","기타금융","78900","900","1.15","91088629800"
"012030","DB","KOSPI","IT 서비스","1739","-52","-2.90","349841469487"
"005830","DB손해보험","KOSPI","보험","184500","-5300","-2.79","12801348000000"
"016610","DB증권","KOSPI","증권","13740","-290","-2.07","583213384860"
"000990","DB하이텍","KOSPI","전기·전자","87900","0","0.00","3824053285200"
"000300","DH오토넥스","KOSPI","운송장비·부품","4200","0","0.00","174035631000"
"001530","DI동일","KOSPI","유통","21950","-900","-3.94","433057696000"
"015590","DKME","KOSPI","기계·장비","515","0","0.00","122045495160"
"000210","DL","KOSPI","화학","51300","1450","2.91","1075036849200"
"000215","DL우","KOSPI","화학","25200","0","0.00","42490098000"
"375500","DL이앤씨","KOSPI","건설","51900","300","0.58","2008199033700"
"37550L","DL이앤씨2우(전환)","KOSPI","건설","37650","-500","-1.31","79514955150"
"37550K","DL이앤씨우","KOSPI","건설","26000","0","0.00","54961010000"
"007340","DN오토모티브","KOSPI","전기·전자","39600","1650","4.35","2317030254000"
"004840","DRB동일","KOSPI","화학","5460","80","1.49","108817800000"
"155660","DSR","KOSPI","금속","4100","0","0.00","65600000000"
"069730","DSR제강","KOSPI","금속","4800","-40","-0.83","69120000000"
"017860","DS단석","KOSPI","화학","19930","580","3.00","350453345160"
"092780","DYP","KOSPI","운송장비·부품","4450","-110","-2.41","58599647000"
"017940","E1","KOSPI","유통","99700","900","0.91","683942000000"
"365550","ESR켄달스퀘어리츠","KOSPI","부동산","4290","-20","-0.46","1055721810000"
"383220","F&F","KOSPI","섬유·의류","60100","-2000","-3.22","2302255207500"
"007700","F&F홀딩스","KOSPI","기타금융","18370","140","0.77","718530921790"
"114090","GKL","KOSPI","오락·문화","12010","-240","-1.96","742886596700"
"078930","GS","KOSPI","기타금융","65400","-1100","-1.65","6076665721200"
"006360","GS건설","KOSPI","건설","25950","300","1.17","2220839665500"
"001250","GS글로벌","KOSPI","유통","2540","-15","-0.59","209635760560"
"007070","GS리테일","KOSPI","유통","19950","100","0.50","1667967929250"
"078935","GS우","KOSPI","기타금융","54300","-800","-1.45","96916051800"
"499790","GS피앤엘","KOSPI","기타금융","49750","-650","-1.29","986584339750"
"012630","HDC","KOSPI","기타금융","25050","0","0.00","1496530111050"
"039570","HDC랩스","KOSPI","건설","8530","0","0.00","221418336530"
"089470","HDC현대EP","KOSPI","화학","5240","-30","-0.57","167156000000"
"294870","HDC현대산업개발","KOSPI","건설","21550","-550","-2.49","1420302961500"
"267270","HD건설기계","KOSPI","기계·장비","131700","4100","3.21","6318191340600"
"009540","HD한국조선해양","KOSPI","기타금융","413500","-11500","-2.71","29264683466000"
"267250","HD현대","KOSPI","기타금융","261000","-14500","-5.26","20617195185000"
"443060","HD현대마린솔루션","KOSPI","일반서비스","178200","-5200","-2.84","7988943897000"
"071970","HD현대마린엔진","KOSPI","기계·장비","77600","-3100","-3.84","2632308012000"
"322000","HD현대에너지솔루션","KOSPI","전기·전자","136300","4600","3.49","1526560000000"
"267260","HD현대일렉트릭","KOSPI","전기·전자","958000","-16000","-1.64","34533155330000"
"329180","HD현대중공업","KOSPI","운송장비·부품","567000","-23000","-3.90","59513014575000"
"097230","HJ중공업","KOSPI","건설","27800","200","0.72","2510210563200"
"014790","HL D&I","KOSPI","건설","3140","-70","-2.18","118876007140"
"003580","HLB글로벌","KOSPI","유통","2035","0","0.00","103100232675"
"204320","HL만도","KOSPI","운송장비·부품","53000","-1400","-2.57","2488727360000"
"060980","HL홀딩스","KOSPI","기타금융","44800","-850","-1.86","406732345600"
"011200","HMM","KOSPI","운송·창고","20850","-250","-1.18","19666511674500"
"035000","HS애드","KOSPI","일반서비스","8700","-70","-0.80","141006502800"
"002460","HS화성","KOSPI","건설","12680","-160","-1.25","128702000000"
"487570","HS효성","KOSPI","기타금융","56700","-1500","-2.58","211260060900"
"298050","HS효성첨단소재","KOSPI","화학","221000","-7000","-3.07","990068508000"
"015360","INVENI","KOSPI","일반서비스","79000","900","1.15","450300000000"
"175330","JB금융지주","KOSPI","기타금융","30200","-350","-1.15","5685258236800"
"234080","JW생명과학","KOSPI","제약","12980","-150","-1.14","205532510920"
"001060","JW중외제약","KOSPI","제약","31000","-400","-1.27","721863830000"
"001067","JW중외제약2우B","KOSPI","제약","55100","-500","-0.90","11569512300"
"001065","JW중외제약우","KOSPI","제약","26350","-800","-2.95","9010408850"
"096760","JW홀딩스","KOSPI","기타금융","4285","15","0.35","316768376470"
"008970","KBI동양철관","KOSPI","금속","1730","-15","-0.86","179516749110"
"105560","KB금융","KOSPI","기타금융","155700","1000","0.65","58052815843500"
"415640","KB발해인프라","KOSPI","기타금융","9940","-20","-0.20","1218102747120"
"432320","KB스타리츠","KOSPI","부동산","2555","-25","-0.97","259113498175"
"002380","KCC","KOSPI","화학","534000","-24000","-4.30","4745375514000"
"344820","KCC글라스","KOSPI","비금속","25750","-400","-1.53","411240684000"
"009070","KCTC","KOSPI","운송·창고","6350","-170","-2.61","190500000000"
"009440","KC그린홀딩스","KOSPI","기타금융","756","0","0.00","17568790596"
"119650","KC코트렐","KOSPI","기계·장비","918","0","0.00","100782913662"
"092220","KEC","KOSPI","전기·전자","1325","-96","-6.76","266011161825"
"003620","KG모빌리티","KOSPI","운송장비·부품","3480","-115","-3.20","704264693760"
"016380","KG스틸","KOSPI","금속","5650","-70","-1.22","565050268050"
"001390","KG케미칼","KOSPI","화학","5180","-120","-2.26","348267095400"
"001940","KISCO홀딩스","KOSPI","금속","24900","300","1.22","352991862000"
"025000","KPX케미칼","KOSPI","화학","49200","-500","-1.01","215432482800"
"092230","KPX홀딩스","KOSPI","화학","80300","-200","-0.25","339239073800"
"000040","KR모터스","KOSPI","운송장비·부품","379","-3","-0.79","32736194736"
"044450","KSS해운","KOSPI","운송·창고","10540","-50","-0.47","243325175200"
"030200","KT","KOSPI","통신","59300","-1100","-1.82","14944885920500"
"033780","KT&G","KOSPI","음식료·담배","157000","-1700","-1.07","18004233265000"
"058850","KTcs","KOSPI","IT 서비스","2565","-50","-1.91","109487025000"
"058860","KTis","KOSPI","IT 서비스","2790","-35","-1.24","97097580000"
"093050","LF","KOSPI","섬유·의류","21600","50","0.23","631584000000"
"003550","LG","KOSPI","기타금융","90500","-2700","-2.90","13957053442500"
"034220","LG디스플레이","KOSPI","전기·전자","11720","-430","-3.54","5860000000000"
"051900","LG생활건강","KOSPI","화학","243000","-2500","-1.02","3718497537000"
"051905","LG생활건강우","KOSPI","화학","105700","600","0.57","221937972900"
"064400","LG씨엔에스","KOSPI","IT 서비스","64900","-1900","-2.84","6287898025200"
"373220","LG에너지솔루션","KOSPI","전기·전자","371000","-12500","-3.26","86814000000000"
"003555","LG우","KOSPI","기타금융","69800","-800","-1.13","210181690200"
"032640","LG유플러스","KOSPI","통신","15620","160","1.03","6713918905100"
"011070","LG이노텍","KOSPI","전기·전자","286000","17500","6.52","6768792602000"
"066570","LG전자","KOSPI","전기·전자","116200","-3800","-3.17","18927398169400"
"066575","LG전자우","KOSPI","전기·전자","53000","-1400","-2.57","910857576000"
"037560","LG헬로비전","KOSPI","오락·문화","2275","-30","-1.30","176191617875"
"051910","LG화학","KOSPI","화학","303500","-16500","-5.16","21424776100500"
"051915","LG화학우","KOSPI","화학","153300","-3900","-2.48","1178693040000"
"079550","LIG넥스원","KOSPI","금속","702000","13000","1.89","15444000000000"
"006260","LS","KOSPI","기타금융","290500","8500","3.01","9063600000000"
"010120","LS ELECTRIC","KOSPI","전기·전자","873000","40000","4.80","26190000000000"
"000680","LS네트웍스","KOSPI","유통","3195","-125","-3.77","251775636120"
"229640","LS에코에너지","KOSPI","기타금융","44000","-1050","-2.33","1347494676000"
"108320","LX세미콘","KOSPI","전기·전자","50900","-800","-1.55","827852870000"
"001120","LX인터내셔널","KOSPI","유통","44500","1450","3.37","1724820000000"
"108670","LX하우시스","KOSPI","화학","28900","-300","-1.03","259165663000"
"108675","LX하우시스우","KOSPI","화학","15620","-110","-0.70","16124994600"
"383800","LX홀딩스","KOSPI","기타금융","8190","-100","-1.21","624738851100"
"38380K","LX홀딩스1우","KOSPI","기타금융","8570","-20","-0.23","12557492450"
"023150","MH에탄올","KOSPI","음식료·담배","4320","35","0.82","31875232320"
"035420","NAVER","KOSPI","IT 서비스","220500","-6000","-2.65","34586006679000"
"181710","NHN","KOSPI","IT 서비스","38300","-850","-2.17","1254445223700"
"400760","NH올원리츠","KOSPI","부동산","3270","-15","-0.46","179618729250"
"005940","NH투자증권","KOSPI","증권","33400","-800","-2.34","11901901924600"
"005945","NH투자증권우","KOSPI","증권","26550","-350","-1.30","501024200400"
"338100","NH프라임리츠","KOSPI","부동산","4620","-40","-0.86","86209200000"
"034310","NICE","KOSPI","일반서비스","14470","-110","-0.75","531876061790"
"030190","NICE평가정보","KOSPI","IT 서비스","16180","-670","-3.98","953188506860"
"008260","NI스틸","KOSPI","금속","3505","-30","-0.85","100243410085"
"004250","NPC","KOSPI","화학","3725","-90","-2.36","136782000000"
"004255","NPC우","KOSPI","화학","2360","5","0.21","12460800000"
"456040","OCI","KOSPI","화학","95600","-200","-0.21","855858522000"
"010060","OCI홀딩스","KOSPI","기타금융","198200","4600","2.38","3700439982400"
"178920","PI첨단소재","KOSPI","화학","23100","250","1.09","678362038200"
"001340","PKC","KOSPI","화학","6550","-200","-2.96","294215565850"
"005490","POSCO홀딩스","KOSPI","금속","338000","-11500","-3.29","27355337776000"
"010950","S-Oil","KOSPI","화학","111200","600","0.54","12519206470400"
"010955","S-Oil우","KOSPI","화학","56900","1400","2.52","228847646300"
"034120","SBS","KOSPI","오락·문화","16920","-30","-0.18","313886946960"
"003080","SB성보","KOSPI","화학","2605","-15","-0.57","52152100000"
"005090","SGC에너지","KOSPI","전기·가스","52200","-700","-1.32","752167182600"
"001380","SG글로벌","KOSPI","운송장비·부품","1409","12","0.86","63354477487"
"004060","SG세계물산","KOSPI","유통","515","-11","-2.09","104248854400"
"001770","SHD","KOSPI","금속","17400","-250","-1.42","21138877200"
"002360","SH에너지화학","KOSPI","화학","444","57","14.73","49343376120"
"009160","SIMPAC","KOSPI","금속","4700","-135","-2.79","307243549600"
"033530","SJG세종","KOSPI","운송장비·부품","8230","-290","-3.40","228966509030"
"123700","SJM","KOSPI","운송장비·부품","3565","-25","-0.70","55631461370"
"025530","SJM홀딩스","KOSPI","유통","3600","-5","-0.14","53762428800"
"034730","SK","KOSPI","기타금융","346000","-6500","-1.84","25085935238000"
"011790","SKC","KOSPI","화학","99100","300","0.30","3752748331800"
"018670","SK가스","KOSPI","유통","249000","18000","7.79","2302065756000"
"001740","SK네트웍스","KOSPI","유통","5490","-110","-1.96","1214815681980"
"006120","SK디스커버리","KOSPI","기타금융","60300","-1200","-1.95","1050049185300"
"006125","SK디스커버리우","KOSPI","기타금융","40250","-150","-0.37","49576126250"
"210980","SK디앤디","KOSPI","부동산","13200","140","1.07","245749442400"
"395400","SK리츠","KOSPI","부동산","6110","-20","-0.33","1839217658200"
"302440","SK바이오사이언스","KOSPI","제약","41950","-1550","-3.56","3290335706950"
"326030","SK바이오팜","KOSPI","일반서비스","97500","-1300","-1.32","7635541875000"
"402340","SK스퀘어","KOSPI","기타금융","611000","-19000","-3.02","80705227265000"
"361610","SK아이이테크놀로지","KOSPI","전기·전자","21750","-900","-3.97","1778869425000"
"100090","SK오션플랜트","KOSPI","금속","19680","740","3.91","1229569578720"
"03473K","SK우","KOSPI","기타금융","251000","-5000","-1.95","142099885000"
"096770","SK이노베이션","KOSPI","화학","110300","-4000","-3.50","18646522516400"
"096775","SK이노베이션우","KOSPI","화학","69700","-2100","-2.92","87015292200"
"475150","SK이터닉스","KOSPI","건설","53700","11100","26.06","1812592055400"
"001510","SK증권","KOSPI","증권","2180","300","15.96","1030246572780"
"001515","SK증권우","KOSPI","증권","3220","195","6.45","12598295080"
"285130","SK케미칼","KOSPI","화학","57100","-2400","-4.03","987759538600"
"28513K","SK케미칼우","KOSPI","화학","27000","-600","-2.17","57116583000"
"017670","SK텔레콤","KOSPI","통신","78200","-3000","-3.69","16796582144600"
"000660","SK하이닉스","KOSPI","전기·전자","1013000","-43000","-4.07","721967495745000"
"003570","SNT다이내믹스","KOSPI","운송장비·부품","48050","-950","-1.94","1597792090850"
"064960","SNT모티브","KOSPI","운송장비·부품","32250","-900","-2.71","855923772000"
"100840","SNT에너지","KOSPI","기계·장비","41550","-500","-1.19","859286533650"
"036530","SNT홀딩스","KOSPI","기타금융","64200","3500","5.77","1046709481200"
"005610","SPC삼립","KOSPI","음식료·담배","51300","-1000","-1.91","442668161700"
"011810","STX","KOSPI","유통","3530","0","0.00","109493282310"
"465770","STX그린로지스","KOSPI","운송·창고","6910","-30","-0.43","49551831120"
"077970","STX엔진","KOSPI","기계·장비","34100","-650","-1.87","1369048948300"
"002820","SUN&L","KOSPI","종이·목재","2350","10","0.43","29628774150"
"084870","TBH글로벌","KOSPI","섬유·의류","2015","45","2.28","42026490285"
"002710","TCC스틸","KOSPI","금속","13390","-620","-4.43","351001402830"
"069260","TKG휴켐스","KOSPI","화학","18780","-620","-3.20","767699882640"
"007980","TP","KOSPI","섬유·의류","1851","-27","-1.44","94725165630"
"002900","TYM","KOSPI","기계·장비","6800","-90","-1.31","281520000000"
"024070","WISCOM","KOSPI","화학","1933","-7","-0.36","29626004654"
"037270","YG PLUS","KOSPI","IT 서비스","6070","-190","-3.04","386435077700"
"139130","iM금융지주","KOSPI","기타금융","16800","-190","-1.12","2698492994400"
"000500","가온전선","KOSPI","전기·전자","111200","1500","1.37","1839594388000"
"000860","강남제비스코","KOSPI","화학","15250","-360","-2.31","198250000000"
"035250","강원랜드","KOSPI","오락·문화","17850","-250","-1.38","3818837925000"
"011420","갤럭시아에스엠","KOSPI","오락·문화","1786","-14","-0.78","49203664184"
"002100","경농","KOSPI","화학","9580","10","0.10","187026268500"
"009450","경동나비엔","KOSPI","전기·전자","66800","2900","4.54","973181945600"
"267290","경동도시가스","KOSPI","전기·가스","22000","-100","-0.45","129698932000"
"012320","경동인베스트","KOSPI","기타금융","63000","-3000","-4.55","148996449000"
"000050","경방","KOSPI","유통","9190","-170","-1.82","251946331300"
"214390","경보제약","KOSPI","제약","7940","810","11.36","189820468400"
"012610","경인양행","KOSPI","화학","3975","-125","-3.05","165425050875"
"009140","경인전자","KOSPI","전기·전자","22350","100","0.45","35107312950"
"013580","계룡건설","KOSPI","건설","25800","200","0.78","230417400600"
"012200","계양전기","KOSPI","기계·장비","6810","-310","-4.35","185387465490"
"012205","계양전기우","KOSPI","기계·장비","5450","-170","-3.02","6371480550"
"002140","고려산업","KOSPI","음식료·담배","2755","45","1.66","68708115875"
"010130","고려아연","KOSPI","금속","1612000","-83000","-4.90","33647226028000"
"002240","고려제강","KOSPI","금속","21350","-600","-2.73","576450000000"
"009290","광동제약","KOSPI","제약","8960","-80","-0.88","446206279680"
"017040","광명전기","KOSPI","전기·전자","1146","-7","-0.61","49664906790"
"017900","광전자","KOSPI","전기·전자","2065","-35","-1.67","119653870595"
"037710","광주신세계","KOSPI","유통","39000","-400","-1.02","310330410000"
"030610","교보증권","KOSPI","증권","12810","-240","-1.84","1459865530410"
"339770","교촌에프앤비","KOSPI","유통","4230","0","0.00","211352288400"
"007690","국도화학","KOSPI","화학","36450","-750","-2.02","337557326400"
"002720","국제약품","KOSPI","제약","4935","-115","-2.28","104423770920"
"083420","그린케미칼","KOSPI","화학","5590","-100","-1.76","134160000000"
"014530","극동유화","KOSPI","화학","3810","55","1.46","132852490200"
"014280","금강공업","KOSPI","금속","4820","-165","-3.31","141367500740"
"014285","금강공업우","KOSPI","금속","6780","-50","-0.73","3999352500"
"008870","금비","KOSPI","비금속","45150","-250","-0.55","45150000000"
"001570","금양","KOSPI","화학","9900","0","0.00","633275240400"
"002990","금호건설","KOSPI","건설","4925","15","0.31","182209043000"
"002995","금호건설우","KOSPI","건설","14100","160","1.15","4120950600"
"011780","금호석유화학","KOSPI","화학","134200","-2100","-1.54","3493459776400"
"011785","금호석유화학우","KOSPI","화학","60100","-1500","-2.44","181711508600"
"214330","금호에이치티","KOSPI","운송장비·부품","426","10","2.40","92887813260"
"001210","금호전기","KOSPI","전기·전자","794","-1","-0.13","49003329760"
"073240","금호타이어","KOSPI","화학","6030","-240","-3.83","1732179530610"
"092440","기신정기","KOSPI","기계·장비","2250","20","0.90","65700000000"
"000270","기아","KOSPI","운송장비·부품","170500","-4600","-2.63","66565416159000"
"024110","기업은행","KOSPI","은행","23700","-150","-0.63","18898993095300"
"013700","까뮤이앤씨","KOSPI","건설","1237","-4","-0.32","73911776710"
"004540","깨끗한나라","KOSPI","종이·목재","1915","-24","-1.24","71315927095"
"004545","깨끗한나라우","KOSPI","종이·목재","10160","-20","-0.20","3720185600"
"001260","남광토건","KOSPI","건설","8880","-150","-1.66","87313239360"
"008350","남선알미늄","KOSPI","금속","1550","9","0.58","200072589500"
"008355","남선알미우","KOSPI","금속","13100","-130","-0.98","4033359000"
"004270","남성","KOSPI","유통","766","-11","-1.42","27738514560"
"003920","남양유업","KOSPI","음식료·담배","54700","-600","-1.08","328200000000"
"003925","남양유업우","KOSPI","음식료·담배","46150","0","0.00","92300000000"
"025860","남해화학","KOSPI","화학","8520","430","5.32","423263742360"
"005720","넥센","KOSPI","화학","6700","-120","-1.76","358744645900"
"005725","넥센우","KOSPI","화학","4445","0","0.00","16004667000"
"002350","넥센타이어","KOSPI","화학","7230","-240","-3.21","706138750710"
"002355","넥센타이어1우B","KOSPI","화학","4410","-45","-1.01","28665000000"
"092790","넥스틸","KOSPI","금속","12030","30","0.25","312804060000"
"251270","넷마블","KOSPI","IT 서비스","51000","-2700","-5.03","4179978921000"
"090350","노루페인트","KOSPI","화학","8530","-80","-0.93","170600000000"
"090355","노루페인트우","KOSPI","화학","13150","-300","-2.23","6090106900"
"000320","노루홀딩스","KOSPI","기타금융","23250","50","0.22","309019260750"
"000325","노루홀딩스우","KOSPI","기타금융","29950","250","0.84","7294592050"
"006280","녹십자","KOSPI","제약","145200","-5700","-3.78","1696885317600"
"005250","녹십자홀딩스","KOSPI","일반서비스","13780","-310","-2.20","648048733800"
"005257","녹십자홀딩스2우","KOSPI","일반서비스","24050","0","0.00","20346059500"
"004370","농심","KOSPI","음식료·담배","371000","-7500","-1.98","2256660182000"
"072710","농심홀딩스","KOSPI","기타금융","95400","200","0.21","442445166000"
"058730","다스코","KOSPI","금속","3505","-15","-0.43","69918514605"
"030210","다올투자증권","KOSPI","증권","4210","-90","-2.09","256435756260"
"023590","다우기술","KOSPI","IT 서비스","48950","-1650","-3.26","2196220902150"
"145210","다이나믹디자인","KOSPI","기계·장비","254","-45","-15.05","10728113672"
"483650","달바글로벌","KOSPI","화학","154900","-1500","-0.96","1919623808500"
"019680","대교","KOSPI","일반서비스","1638","6","0.37","138743268300"
"019685","대교우B","KOSPI","일반서비스","1015","0","0.00","19718394850"
"006370","대구백화점","KOSPI","유통","4560","-10","-0.22","49346546160"
"008060","대덕","KOSPI","기타금융","13520","160","1.20","458194828000"
"00806K","대덕1우","KOSPI","기타금융","11460","210","1.87","13893611220"
"353200","대덕전자","KOSPI","전기·전자","77300","2500","3.34","3819928302500"
"35320K","대덕전자1우","KOSPI","전기·전자","18570","310","1.70","38913787830"
"000490","대동","KOSPI","기계·장비","9880","-240","-2.37","284809426200"
"008110","대동전자","KOSPI","전기·전자","14420","-620","-4.12","151272245740"
"005750","대림바스","KOSPI","비금속","5830","90","1.57","97199159200"
"006570","대림통상","KOSPI","금속","2015","-10","-0.49","30678375000"
"001680","대상","KOSPI","음식료·담배","20300","-400","-1.93","703354907500"
"001685","대상우","KOSPI","음식료·담배","16800","-250","-1.47","23019746400"
"084690","대상홀딩스","KOSPI","기타금융","9480","-160","-1.66","343294860240"
"084695","대상홀딩스우","KOSPI","기타금융","14280","-210","-1.45","13044522960"
"128820","대성산업","KOSPI","유통","7410","50","0.68","335194891980"
"117580","대성에너지","KOSPI","전기·가스","10890","1120","11.46","299475000000"
"016710","대성홀딩스","KOSPI","일반서비스","8790","20","0.23","141426344610"
"0030R0","대신밸류리츠","KOSPI","기타금융","4325","-20","-0.46","258548500000"
"003540","대신증권","KOSPI","증권","39650","-1050","-2.58","2013165310000"
"003547","대신증권2우B","KOSPI","증권","25800","-100","-0.39","258000000000"
"003545","대신증권우","KOSPI","증권","27100","50","0.18","704600000000"
"009190","대양금속","KOSPI","금속","1258","32","2.61","54336322250"
"014160","대영포장","KOSPI","종이·목재","1031","-12","-1.15","111754780019"
"047040","대우건설","KOSPI","건설","16170","1300","8.74","6720618056460"
"003090","대웅","KOSPI","제약","23650","-550","-2.27","1375057827000"
"069620","대웅제약","KOSPI","제약","160000","-2200","-1.36","1853852000000"
"000430","대원강업","KOSPI","운송장비·부품","3890","-70","-1.77","241180000000"
"006340","대원전선","KOSPI","전기·전자","6520","0","0.00","511261992320"
"006345","대원전선우","KOSPI","전기·전자","4185","-125","-2.90","10969722000"
"003220","대원제약","KOSPI","제약","10260","-200","-1.91","230107001580"
"024890","대원화성","KOSPI","화학","796","-10","-1.24","32834324992"
"002880","대유에이텍","KOSPI","운송장비·부품","939","7","0.75","43920781305"
"012800","대창","KOSPI","금속","1317","-37","-2.73","120032037183"
"015230","대창단조","KOSPI","운송장비·부품","6460","80","1.25","184576605800"
"001070","대한방직","KOSPI","섬유·의류","6640","-50","-0.75","35192000000"
"006650","대한유화","KOSPI","화학","134000","-9000","-6.29","871000000000"
"001440","대한전선","KOSPI","전기·전자","30100","-700","-2.27","5612063730000"
"084010","대한제강","KOSPI","금속","11480","-420","-3.53","394585922080"
"001790","대한제당","KOSPI","음식료·담배","2755","15","0.55","247114077900"
"001795","대한제당우","KOSPI","음식료·담배","2365","-25","-1.05","15331727400"
"001130","대한제분","KOSPI","음식료·담배","149000","-900","-0.60","251810000000"
"439260","대한조선","KOSPI","운송장비·부품","94900","-800","-0.84","3656147008800"
"003490","대한항공","KOSPI","운송·창고","24550","-950","-3.73","9039817227550"
"003495","대한항공우","KOSPI","운송·창고","24200","0","0.00","26881214800"
"005880","대한해운","KOSPI","운송·창고","2235","-35","-1.54","721340304900"
"003830","대한화섬","KOSPI","화학","123400","-2200","-1.75","163875200000"
"016090","대현","KOSPI","섬유·의류","1650","-6","-0.36","73065811500"
"069460","대호에이엘","KOSPI","금속","566","-12","-2.08","49282724832"
"475560","더본코리아","KOSPI","유통","21250","-350","-1.62","315094362500"
"192080","더블유게임즈","KOSPI","IT 서비스","50300","-1200","-2.33","1065025440400"
"012510","더존비즈온","KOSPI","IT 서비스","119100","0","0.00","3620023062000"
"004830","덕성","KOSPI","화학","4510","-90","-1.96","70716800000"
"004835","덕성우","KOSPI","화학","6120","0","0.00","8519040000"
"145720","덴티움","KOSPI","의료·정밀기기","51900","-1500","-2.81","532174815000"
"002150","도화엔지니어링","KOSPI","일반서비스","6360","0","0.00","214459200000"
"460850","동국씨엠","KOSPI","금속","5790","20","0.35","173113218240"
"460860","동국제강","KOSPI","금속","9280","-320","-3.33","460362397760"
"001230","동국홀딩스","KOSPI","기타금융","10070","40","0.40","320230863810"
"023450","동남합성","KOSPI","화학","30650","50","0.16","107275000000"
"004140","동방","KOSPI","운송·창고","2800","35","1.27","134320944800"
"007590","동방아그로","KOSPI","화학","5840","10","0.17","79526649680"
"005960","동부건설","KOSPI","건설","9170","1170","14.63","210420899710"
"005965","동부건설우","KOSPI","건설","18950","510","2.77","4277621400"
"026960","동서","KOSPI","유통","25650","-500","-1.91","2557305000000"
"002210","동성제약","KOSPI","제약","973","0","0.00","25900780311"
"102260","동성케미컬","KOSPI","화학","3940","-110","-2.72","197696556540"
"000640","동아쏘시오홀딩스","KOSPI","기타금융","102100","-1800","-1.73","667369911400"
"170900","동아에스티","KOSPI","제약","43250","-750","-1.70","404502155750"
"028100","동아지질","KOSPI","건설","17800","-360","-1.98","238333135600"
"001520","동양","KOSPI","비금속","819","-4","-0.49","195482247597"
"001527","동양2우B","KOSPI","비금속","8400","140","1.69","2591979600"
"084670","동양고속","KOSPI","운송·창고","44300","-1550","-3.38","128273706700"
"082640","동양생명","KOSPI","보험","8810","160","1.85","1421569133850"
"001525","동양우","KOSPI","비금속","4300","-15","-0.35","2656243300"
"018500","동원금속","KOSPI","운송장비·부품","1700","31","1.86","79483386100"
"006040","동원산업","KOSPI","기타금융","39050","-1300","-3.22","1723978853300"
"030720","동원수산","KOSPI","농업, 임업 및 어업","5850","-10","-0.17","27224759250"
"014820","동원시스템즈","KOSPI","화학","25200","-600","-2.33","730580306400"
"014825","동원시스템즈우","KOSPI","화학","16320","-80","-0.49","4310291520"
"111380","동인기연","KOSPI","섬유·의류","14170","-250","-1.73","86833760000"
"163560","동일고무벨트","KOSPI","화학","6850","-100","-1.44","95215000000"
"004890","동일산업","KOSPI","금속","39300","0","0.00","95310949500"
"002690","동일제강","KOSPI","금속","1570","70","4.67","31871565200"
"000020","동화약품","KOSPI","제약","5990","-70","-1.16","167309505300"
"000150","두산","KOSPI","기타금융","1149000","-40000","-3.36","18606716415000"
"000157","두산2우B","KOSPI","기타금융","437500","-23500","-5.10","390704125000"
"454910","두산로보틱스","KOSPI","기계·장비","89200","-1200","-1.33","5781942216000"
"241560","두산밥캣","KOSPI","기계·장비","61800","800","1.31","5923904817000"
"034020","두산에너빌리티","KOSPI","기계·장비","106300","-1000","-0.93","68091649819800"
"000155","두산우","KOSPI","기타금융","501000","-26000","-4.93","2002227462000"
"336260","두산퓨얼셀","KOSPI","전기·전자","45900","-300","-0.65","3006162023400"
"33626K","두산퓨얼셀1우","KOSPI","전기·전자","8320","-90","-1.07","111190144000"
"33626L","두산퓨얼셀2우B","KOSPI","전기·전자","10390","-170","-1.61","31027657000"
"016740","두올","KOSPI","운송장비·부품","4565","-70","-1.51","130896919560"
"192650","드림텍","KOSPI","전기·전자","7180","80","1.13","495234748820"
"024090","디씨엠","KOSPI","금속","12450","110","0.89","141930000000"
"003160","디아이","KOSPI","의료·정밀기기","38450","1200","3.22","1088135000000"
"092200","디아이씨","KOSPI","운송장비·부품","9170","0","0.00","356608177730"
"377190","디앤디플랫폼리츠","KOSPI","부동산","3150","-5","-0.16","278460000000"
"013570","디와이","KOSPI","기타금융","4980","-5","-0.10","131071772340"
"024900","디와이덕양","KOSPI","운송장비·부품","2035","-30","-1.45","66269734300"
"210540","디와이파워","KOSPI","기계·장비","13620","-330","-2.37","150388062960"
"032350","롯데관광개발","KOSPI","일반서비스","20950","100","0.48","1667650880300"
"089860","롯데렌탈","KOSPI","일반서비스","31650","-450","-1.40","1149192130200"
"330590","롯데리츠","KOSPI","부동산","4810","20","0.42","1389940332040"
"000400","롯데손해보험","KOSPI","보험","2050","-35","-1.68","636189456000"
"023530","롯데쇼핑","KOSPI","유통","107500","2100","1.99","3041041162500"
"020150","롯데에너지머티리얼즈","KOSPI","전기·전자","37550","-1550","-3.96","1966323135650"
"280360","롯데웰푸드","KOSPI","음식료·담배","111200","-3700","-3.22","1034668628800"
"286940","롯데이노베이트","KOSPI","IT 서비스","23250","-400","-1.69","351757782750"
"004000","롯데정밀화학","KOSPI","화학","54200","-500","-0.91","1398360000000"
"004990","롯데지주","KOSPI","기타금융","30700","-800","-2.54","3220713575900"
"00499K","롯데지주우","KOSPI","기타금융","30300","250","0.83","24409770900"
"005300","롯데칠성","KOSPI","음식료·담배","117100","-4200","-3.46","1086557316400"
"005305","롯데칠성우","KOSPI","음식료·담배","80300","-700","-0.86","62257393000"
"011170","롯데케미칼","KOSPI","화학","82400","400","0.49","3524694525600"
"071840","롯데하이마트","KOSPI","유통","7920","-20","-0.25","186973079040"
"027740","마니커","KOSPI","음식료·담배","809","0","0.00","51380583452"
"357430","마스턴프리미어리츠","KOSPI","부동산","1484","0","0.00","45269875588"
"001080","만호제강","KOSPI","금속","4915","-25","-0.51","203972500000"
"088980","맥쿼리인프라","KOSPI","기타금융","11440","60","0.53","5478867599920"
"094800","맵스리얼티","KOSPI","기타금융","6660","-210","-3.06","618276644460"
"138040","메리츠금융지주","KOSPI","기타금융","110900","-4900","-4.23","18742241175700"
"090370","메타랩스","KOSPI","섬유·의류","1388","-44","-3.07","34567708332"
"118000","메타케어","KOSPI","유통","239","-4","-1.65","41054789996"
"017180","명문제약","KOSPI","제약","1802","-45","-2.44","61184124108"
"009900","명신산업","KOSPI","운송장비·부품","10250","-270","-2.57","537818863250"
"317450","명인제약","KOSPI","제약","58400","-1100","-1.85","852640000000"
"012690","모나리자","KOSPI","종이·목재","2040","-45","-2.16","74605360200"
"005360","모나미","KOSPI","유통","1722","-28","-1.60","32541162654"
"070960","모나용평","KOSPI","일반서비스","3010","-65","-2.11","144881332330"
"009680","모토닉","KOSPI","운송장비·부품","10880","-120","-1.09","305184000000"
"009580","무림P&P","KOSPI","종이·목재","2425","15","0.62","151243185700"
"009200","무림페이퍼","KOSPI","종이·목재","1962","15","0.77","81637466220"
"033920","무학","KOSPI","음식료·담배","9050","-110","-1.20","257925000000"
"008420","문배철강","KOSPI","금속","2295","65","2.91","47055543975"
"025560","미래산업","KOSPI","의료·정밀기기","13120","-500","-3.67","58812420480"
"007120","미래아이앤지","KOSPI","IT 서비스","2220","-185","-7.69","64110509760"
"396690","미래에셋글로벌리츠","KOSPI","부동산","2495","-10","-0.40","98816820300"
"357250","미래에셋맵스리츠","KOSPI","부동산","2440","-5","-0.20","60988056200"
"085620","미래에셋생명","KOSPI","보험","17880","-400","-2.19","3165049459320"
"006800","미래에셋증권","KOSPI","증권","66700","-3200","-4.58","37039604413600"
"00680K","미래에셋증권2우B","KOSPI","증권","20200","-900","-4.27","2757300000000"
"006805","미래에셋증권우","KOSPI","증권","22250","-850","-3.68","313185437500"
"081660","미스토홀딩스","KOSPI","유통","44450","-4300","-8.82","2359932288000"
"002840","미원상사","KOSPI","화학","135600","-3700","-2.66","644100000000"
"268280","미원에스씨","KOSPI","화학","121500","-4700","-3.72","607500000000"
"107590","미원홀딩스","KOSPI","기타금융","65000","0","0.00","150800000000"
"134380","미원화학","KOSPI","화학","111000","0","0.00","244118748000"
"003650","미창석유","KOSPI","화학","112400","-500","-0.44","195539132800"
"377740","바이오노트","KOSPI","제약","5340","-60","-1.11","544979296320"
"003610","방림","KOSPI","섬유·의류","5480","80","1.48","220307825840"
"035150","백산","KOSPI","화학","13450","-380","-2.75","273171557850"
"002410","범양건영","KOSPI","건설","1935","0","0.00","53173451700"
"007210","벽산","KOSPI","비금속","1850","-47","-2.48","123691000000"
"002760","보락","KOSPI","화학","1195","-26","-2.13","71580500000"
"003850","보령","KOSPI","제약","9300","-120","-1.27","797821025100"
"000890","보해양조","KOSPI","음식료·담배","420","-7","-1.64","58010454180"
"003000","부광약품","KOSPI","제약","6100","-180","-2.87","601854493100"
"001270","부국증권","KOSPI","증권","77100","-2400","-3.02","799518210600"
"001275","부국증권우","KOSPI","증권","38000","0","0.00","114000000000"
"026940","부국철강","KOSPI","금속","1955","-21","-1.06","39100000000"
"011390","부산산업","KOSPI","비금속","75000","-1200","-1.57","79200000000"
"005030","부산주공","KOSPI","운송장비·부품","486","0","0.00","45092532168"
"006740","블루산업개발","KOSPI","종이·목재","548","-11","-1.97","31222622224"
"002070","비비안","KOSPI","섬유·의류","367","-7","-1.87","16586960259"
"100220","비상교육","KOSPI","오락·문화","5300","70","1.34","68882727300"
"090460","비에이치","KOSPI","전기·전자","19880","380","1.95","670185375440"
"005180","빙그레","KOSPI","음식료·담배","74800","-1000","-1.32","714766584400"
"003960","사조대림","KOSPI","음식료·담배","33100","-300","-0.90","303343857700"
"008040","사조동아원","KOSPI","음식료·담배","1075","-20","-1.83","151730445000"
"007160","사조산업","KOSPI","음식료·담배","50900","-900","-1.74","254500000000"
"014710","사조씨푸드","KOSPI","음식료·담배","7270","-140","-1.89","125178807610"
"006090","사조오양","KOSPI","음식료·담배","8270","0","0.00","77926051530"
"062040","산일전기","KOSPI","전기·전자","151700","-3200","-2.07","4633706840000"
"001470","삼부토건","KOSPI","건설","347","0","0.00","79699592928"
"028050","삼성E&A","KOSPI","일반서비스","32600","-700","-2.10","6389600000000"
"448730","삼성FN리츠","KOSPI","부동산","5520","40","0.73","502596000000"
"006400","삼성SDI","KOSPI","전기·전자","402500","-2500","-0.62","32435675825000"
"006405","삼성SDI우","KOSPI","전기·전자","223000","-3000","-1.33","360790808000"
"006660","삼성공조","KOSPI","운송장비·부품","11670","-280","-2.34","94834084380"
"028260","삼성물산","KOSPI","유통","291000","-8000","-2.68","49463174304000"
"02826K","삼성물산우B","KOSPI","유통","188000","-1000","-0.53","275906920000"
"207940","삼성바이오로직스","KOSPI","제약","1585000","-41000","-2.52","73371157335000"
"032830","삼성생명","KOSPI","보험","230500","-4500","-1.91","46100000000000"
"018260","삼성에스디에스","KOSPI","IT 서비스","161500","-5600","-3.35","12496514700000"
"0126Z0","삼성에피스홀딩스","KOSPI","기타금융","532000","-6000","-1.12","13237782068000"
"009150","삼성전기","KOSPI","전기·전자","479500","15500","3.34","35815627232000"
"009155","삼성전기우","KOSPI","전기·전자","190400","2700","1.44","553489753600"
"005930","삼성전자","KOSPI","전기·전자","200500","-8000","-3.84","1186887403361000"
"005935","삼성전자우","KOSPI","전기·전자","144200","-4900","-3.29","117663546548800"
"001360","삼성제약","KOSPI","제약","1839","-52","-2.75","173164063281"
"010140","삼성중공업","KOSPI","운송장비·부품","28500","-600","-2.06","25080000000000"
"016360","삼성증권","KOSPI","증권","98600","-2900","-2.86","8804980000000"
"068290","삼성출판사","KOSPI","오락·문화","9220","-140","-1.50","92200000000"
"029780","삼성카드","KOSPI","기타금융","59800","-300","-0.50","6928361681800"
"000810","삼성화재","KOSPI","보험","478500","-15500","-3.14","22016337667500"
"000815","삼성화재우","KOSPI","보험","393000","-7000","-1.75","1218107430000"
"006110","삼아알미늄","KOSPI","금속","34500","1200","3.60","521759197500"
"0120G0","삼양바이오팜","KOSPI","제약","87900","-4800","-5.18","653612973000"
"145990","삼양사","KOSPI","음식료·담배","46250","-1100","-2.32","476997016250"
"145995","삼양사우","KOSPI","음식료·담배","35150","-500","-1.40","13007960500"
"003230","삼양식품","KOSPI","음식료·담배","1100000","-7000","-0.63","8286316500000"
"002170","삼양통상","KOSPI","섬유·의류","59900","900","1.53","179700000000"
"272550","삼양패키징","KOSPI","화학","11540","-60","-0.52","173889405240"
"000070","삼양홀딩스","KOSPI","기타금융","69500","-2000","-2.80","539541774500"
"003720","삼영","KOSPI","화학","7210","-340","-4.50","245140000000"
"002810","삼영무역","KOSPI","유통","20100","170","0.85","371185654800"
"005680","삼영전자","KOSPI","전기·전자","15400","840","5.77","308000000000"
"023000","삼원강재","KOSPI","운송장비·부품","2315","-35","-1.49","92600000000"
"004380","삼익THK","KOSPI","기계·장비","9960","0","0.00","206172000000"
"002450","삼익악기","KOSPI","기타제조","1238","35","2.91","112077272770"
"004440","삼일씨엔에스","KOSPI","비금속","6400","100","1.59","81484460800"
"000520","삼일제약","KOSPI","제약","9880","-70","-0.70","214315092680"
"009770","삼정펄프","KOSPI","종이·목재","31250","-350","-1.11","78124093750"
"005500","삼진제약","KOSPI","제약","18230","-310","-1.67","242823600000"
"004690","삼천리","KOSPI","전기·가스","146000","2600","1.81","592033650000"
"010960","삼호개발","KOSPI","건설","3930","25","0.64","94791600000"
"004450","삼화왕관","KOSPI","금속","28000","200","0.72","60322612000"
"009470","삼화전기","KOSPI","전기·전자","39300","-1800","-4.38","259923126000"
"011230","삼화전자","KOSPI","전기·전자","2600","-75","-2.80","49831041000"
"001820","삼화콘덴서","KOSPI","전기·전자","60300","-1200","-1.95","626818500000"
"000390","삼화페인트","KOSPI","화학","10550","-390","-3.56","286996597950"
"001290","상상인증권","KOSPI","증권","1263","12","0.96","136829782560"
"041650","상신브레이크","KOSPI","운송장비·부품","2620","-60","-2.24","56255199000"
"075180","새론오토모티브","KOSPI","운송장비·부품","3025","10","0.33","58080000000"
"007540","샘표","KOSPI","기타금융","56000","-600","-1.06","161044800000"
"248170","샘표식품","KOSPI","음식료·담배","28350","-300","-1.05","129510908100"
"007860","서연","KOSPI","기타금융","9440","-260","-2.68","221649727360"
"200880","서연이화","KOSPI","운송장비·부품","13610","-490","-3.48","367857027570"
"017390","서울가스","KOSPI","전기·가스","68200","1000","1.49","341000000000"
"031210","서울보증보험","KOSPI","보험","56500","-800","-1.40","3944920287000"
"004410","서울식품","KOSPI","음식료·담배","205","-11","-5.09","79985902880"
"004415","서울식품우","KOSPI","음식료·담배","1190","-24","-1.98","2647155000"
"021050","서원","KOSPI","금속","1215","-46","-3.65","57681626850"
"008490","서흥","KOSPI","화학","20150","-300","-1.47","233117626950"
"007610","선도전기","KOSPI","전기·전자","3000","0","0.00","54000000000"
"136490","선진","KOSPI","음식료·담배","10500","60","0.57","249685842000"
"014910","성문전자","KOSPI","전기·전자","1661","-39","-2.29","37307696085"
"014915","성문전자우","KOSPI","전기·전자","4300","-70","-1.60","2580000000"
"004980","성신양회","KOSPI","비금속","9310","-210","-2.21","228244639630"
"004985","성신양회우","KOSPI","비금속","10730","30","0.28","7893470850"
"011300","성안머티리얼스","KOSPI","섬유·의류","316","-1","-0.32","50106166804"
"000180","성창기업지주","KOSPI","일반서비스","1509","-20","-1.31","105255164400"
"002420","세기상사","KOSPI","유통","5850","170","2.99","34924195800"
"004360","세방","KOSPI","운송·창고","14460","-170","-1.16","276411619380"
"004365","세방우","KOSPI","운송·창고","9180","-20","-0.22","33867315000"
"004490","세방전지","KOSPI","전기·전자","60400","-1500","-2.42","837144000000"
"001430","세아베스틸지주","KOSPI","금속","65100","-2900","-4.26","2334623946900"
"306200","세아제강","KOSPI","금속","138900","600","0.43","393962070000"
"003030","세아제강지주","KOSPI","기타금융","176800","7000","4.12","732244957600"
"058650","세아홀딩스","KOSPI","금속","156300","-3200","-2.01","674158786800"
"013000","세우글로벌","KOSPI","유통","1125","4","0.36","32293159875"
"021820","세원정공","KOSPI","운송장비·부품","16390","490","3.08","163900000000"
"067830","세이브존I&C","KOSPI","유통","2985","-45","-1.49","122507071575"
"075580","세진중공업","KOSPI","운송장비·부품","16940","-370","-2.14","963029784640"
"068270","셀트리온","KOSPI","제약","202000","-7500","-3.58","46671748722000"
"336370","솔루스첨단소재","KOSPI","전기·전자","8180","-220","-2.62","574377873920"
"33637K","솔루스첨단소재1우","KOSPI","전기·전자","1999","-16","-0.79","33800623234"
"33637L","솔루스첨단소재2우B","KOSPI","전기·전자","3260","-25","-0.76","12317244960"
"248070","솔루엠","KOSPI","전기·전자","17740","-250","-1.39","848260026640"
"004430","송원산업","KOSPI","화학","8900","-180","-1.98","213600000000"
"017550","수산세보틱스","KOSPI","기계·장비","1872","-17","-0.90","116811171360"
"126720","수산인더스트리","KOSPI","건설","28000","-600","-2.10","400008000000"
"053210","스카이라이프","KOSPI","오락·문화","5150","0","0.00","244743218250"
"204210","스타에스엠리츠","KOSPI","부동산","2035","0","0.00","15927568525"
"026890","스틱인베스트먼트","KOSPI","기타금융","9980","-230","-2.25","415948186500"
"134790","시디즈","KOSPI","기타제조","19550","-60","-0.31","39100000000"
"462870","시프트업","KOSPI","IT 서비스","30150","-700","-2.27","1778377851000"
"016590","신대양제지","KOSPI","종이·목재","12470","-430","-3.33","502513815400"
"029530","신도리코","KOSPI","전기·전자","55100","400","0.73","535336667900"
"004970","신라교역","KOSPI","농업, 임업 및 어업","9550","-30","-0.31","152800000000"
"011930","신성이엔지","KOSPI","전기·전자","3080","90","3.01","634012305080"
"004170","신세계","KOSPI","유통","335500","-10000","-2.89","3235958225500"
"035510","신세계 I&C","KOSPI","IT 서비스","23200","-750","-3.13","324356880000"
"031430","신세계인터내셔날","KOSPI","유통","12160","-350","-2.80","429770880000"
"031440","신세계푸드","KOSPI","일반서비스","48450","200","0.41","187621656000"
"006880","신송홀딩스","KOSPI","유통","7160","80","1.13","84694623280"
"005800","신영와코루","KOSPI","섬유·의류","16220","20","0.12","145980000000"
"001720","신영증권","KOSPI","증권","207000","-1500","-0.72","3403080000000"
"009270","신원","KOSPI","섬유·의류","1344","-35","-2.54","154251408192"
"002700","신일전자","KOSPI","유통","1362","-1","-0.07","95404723602"
"002870","신풍","KOSPI","유통","1220","10","0.83","42649614000"
"019170","신풍제약","KOSPI","제약","10750","-260","-2.36","569588642500"
"019175","신풍제약우","KOSPI","제약","16400","-170","-1.03","36080000000"
"481850","신한글로벌액티브리츠","KOSPI","기타금융","1101","-23","-2.05","47868908064"
"404990","신한서부티엔디리츠","KOSPI","부동산","4495","-10","-0.22","265673864460"
"293940","신한알파리츠","KOSPI","부동산","5910","10","0.17","714756126930"
"055550","신한지주","KOSPI","기타금융","96500","1500","1.58","45804145836500"
"004080","신흥","KOSPI","유통","13760","-30","-0.22","129344000000"
"004770","써니전자","KOSPI","전기·전자","1559","-22","-1.39","55356095842"
"403550","쏘카","KOSPI","일반서비스","10880","-220","-1.98","357319893760"
"004920","씨아이테크","KOSPI","전기·전자","1081","-14","-1.28","56406441632"
"112610","씨에스윈드","KOSPI","금속","64900","5800","9.81","2736924054700"
"480370","씨케이솔루션","KOSPI","건설","2655","30","1.14","29032055955"
"308170","씨티알모빌리티","KOSPI","운송장비·부품","5040","-200","-3.82","43394400000"
"008700","아남전자","KOSPI","전기·전자","1574","363","29.98","121394466680"
"090430","아모레퍼시픽","KOSPI","화학","134700","-900","-0.66","7878974637300"
"090435","아모레퍼시픽우","KOSPI","화학","46800","-750","-1.58","494106444000"
"002790","아모레퍼시픽홀딩스","KOSPI","화학","26950","-800","-2.88","2060547951000"
"00279K","아모레퍼시픽홀딩스3우C","KOSPI","화학","23350","-400","-1.68","165602870000"
"002795","아모레퍼시픽홀딩스우","KOSPI","화학","12160","-250","-2.01","78356243200"
"002030","아세아","KOSPI","일반서비스","276500","-5500","-1.95","573086619000"
"183190","아세아시멘트","KOSPI","비금속","11990","-160","-1.32","442762619420"
"002310","아세아제지","KOSPI","종이·목재","8880","10","0.11","359484688800"
"012170","아센디오","KOSPI","오락·문화","1288","-32","-2.42","24978565248"
"267850","아시아나IDT","KOSPI","IT 서비스","10110","-60","-0.59","112221000000"
"020560","아시아나항공","KOSPI","운송·창고","7020","-210","-2.90","1446054791220"
"122900","아이마켓코리아","KOSPI","유통","7550","-100","-1.31","252387742000"
"010780","아이에스동서","KOSPI","비금속","30900","-1500","-4.63","932777558400"
"031820","아이티센씨티에스","KOSPI","IT 서비스","720","-16","-2.17","87157055520"
"139990","아주스틸","KOSPI","금속","3010","35","1.18","116653796140"
"009320","아진전자부품","KOSPI","운송장비·부품","1000","-15","-1.48","49299770000"
"001780","알루코","KOSPI","금속","2065","-45","-2.13","199954222580"
"018250","애경산업","KOSPI","화학","14320","-240","-1.65","378190269200"
"161000","애경케미칼","KOSPI","화학","9550","-230","-2.35","464595170950"
"011090","에넥스","KOSPI","기타제조","447","-9","-1.97","26816263527"
"137310","에스디바이오센서","KOSPI","의료·정밀기기","8000","-70","-0.87","973992816000"
"005850","에스엘","KOSPI","운송장비·부품","64500","-3700","-5.43","2995929540000"
"010580","에스엠벡셀","KOSPI","운송장비·부품","1978","-62","-3.04","220055981280"
"012750","에스원","KOSPI","일반서비스","87800","200","0.23","3336327828400"
"023960","에쓰씨엔지니어링","KOSPI","건설","1369","-41","-2.91","52071249775"
"298690","에어부산","KOSPI","운송·창고","1830","-21","-1.13","213451200000"
"140910","에이리츠","KOSPI","부동산","3130","0","0.00","13969290160"
"078520","에이블씨엔씨","KOSPI","화학","12820","200","1.58","333501544020"
"015260","에이엔피","KOSPI","전기·전자","688","-36","-4.97","32416423072"
"007460","에이프로젠","KOSPI","금속","300","-6","-1.96","98791509000"
"003060","에이프로젠바이오로직스","KOSPI","제약","259","-8","-3.00","51387631855"
"244920","에이플러스에셋","KOSPI","기타금융","11760","-400","-3.29","265866469680"
"278470","에이피알","KOSPI","화학","369000","7000","1.93","13814679195000"
"450080","에코프로머티","KOSPI","전기·전자","60700","-2100","-3.34","4282916367800"
"019490","엑시큐어하이트론","KOSPI","전기·전자","541","0","0.00","41349858070"
"036570","엔씨소프트","KOSPI","IT 서비스","221000","-9000","-3.91","4761228862000"
"085310","엔케이","KOSPI","금속","1029","-24","-2.28","81167851338"
"900140","엘브이엠씨홀딩스","KOSPI","유통","1518","2","0.13","293338975776"
"066970","엘앤에프","KOSPI","전기·전자","108300","-3000","-2.70","4361620699800"
"097520","엠씨넥스","KOSPI","전기·전자","23400","-650","-2.70","407195100000"
"484870","엠앤씨솔루션","KOSPI","기계·장비","117100","-6600","-5.34","1071921690000"
"014440","영보화학","KOSPI","화학","4615","-80","-1.70","92300000000"
"111770","영원무역","KOSPI","유통","81300","-6500","-7.40","3602522348400"
"009970","영원무역홀딩스","KOSPI","기타금융","221500","-16000","-6.74","2990080995500"
"003520","영진약품","KOSPI","제약","1772","-29","-1.61","324085919332"
"000670","영풍","KOSPI","금속","55500","-2000","-3.48","1003326225000"
"012280","영화금속","KOSPI","운송장비·부품","1019","-30","-2.86","52646130595"
"012160","영흥","KOSPI","금속","564","-11","-1.91","57139049808"
"007310","오뚜기","KOSPI","음식료·담배","368500","-5000","-1.34","1476885355000"
"002630","오리엔트바이오","KOSPI","제약","529","-15","-2.76","62730409645"
"271560","오리온","KOSPI","음식료·담배","130600","-3400","-2.54","5163418839200"
"001800","오리온홀딩스","KOSPI","기타금융","24750","-50","-0.20","1550474194500"
"005320","온타이드","KOSPI","유통","510","4","0.79","34871601900"
"011690","와이투솔루션","KOSPI","전기·전자","6310","-160","-2.47","231415426140"
"316140","우리금융지주","KOSPI","기타금융","33600","100","0.30","24664964352000"
"006980","우성","KOSPI","음식료·담배","21650","250","1.17","66898500000"
"017370","우신시스템","KOSPI","기계·장비","5880","-70","-1.18","107686637520"
"105840","우진","KOSPI","의료·정밀기기","26150","-1000","-3.68","528169070500"
"010400","우진아이엔에스","KOSPI","건설","3740","-15","-0.40","28506280000"
"049800","우진플라임","KOSPI","기계·장비","2485","0","0.00","49700000000"
"016880","웅진","KOSPI","일반서비스","2830","210","8.02","226193636400"
"095720","웅진씽크빅","KOSPI","일반서비스","1243","-9","-0.72","143573939355"
"005820","원림","KOSPI","섬유·의류","15700","30","0.19","36078129000"
"008600","윌비스","KOSPI","유통","263","0","0.00","17683078257"
"033270","유나이티드제약","KOSPI","제약","19810","-340","-1.69","323573013820"
"014830","유니드","KOSPI","화학","83600","-100","-0.12","565771360000"
"446070","유니드비티플러스","KOSPI","종이·목재","2965","65","2.24","31462252475"
"000910","유니온","KOSPI","비금속","4395","15","0.34","68613065505"
"047400","유니온머티리얼","KOSPI","비금속","1596","40","2.57","67032000000"
"011330","유니켐","KOSPI","섬유·의류","781","14","1.83","73597029693"
"077500","유니퀘스트","KOSPI","유통","6360","-180","-2.75","137376648720"
"002920","유성기업","KOSPI","운송장비·부품","1963","-23","-1.16","50934942500"
"000700","유수홀딩스","KOSPI","일반서비스","6770","20","0.30","176303067240"
"003470","유안타증권","KOSPI","증권","5050","-100","-1.94","1007962708800"
"003475","유안타증권우","KOSPI","증권","4630","-65","-1.38","59783541560"
"072130","유엔젤","KOSPI","IT 서비스","5200","0","0.00","67056360800"
"000220","유유제약","KOSPI","제약","4240","-65","-1.51","72217168240"
"000225","유유제약1우","KOSPI","제약","4330","-70","-1.59","9815806900"
"000227","유유제약2우B","KOSPI","제약","10870","0","0.00","3538837200"
"001200","유진투자증권","KOSPI","증권","4970","-170","-3.31","481426097460"
"000100","유한양행","KOSPI","제약","98700","-1500","-1.50","7861218218700"
"000105","유한양행우","KOSPI","제약","87500","-1400","-1.57","103332250000"
"003460","유화증권","KOSPI","증권","3645","-110","-2.93","206680302675"
"003465","유화증권우","KOSPI","증권","3580","60","1.70","62565601500"
"008730","율촌화학","KOSPI","화학","24150","-900","-3.59","598920000000"
"008250","이건산업","KOSPI","종이·목재","3870","-5","-0.13","42386697450"
"025820","이구산업","KOSPI","금속","4880","-140","-2.79","163196960000"
"214320","이노션","KOSPI","일반서비스","19570","-60","-0.31","782800000000"
"088260","이리츠코크렙","KOSPI","부동산","4875","-10","-0.20","308790251250"
"139480","이마트","KOSPI","유통","94400","-1900","-1.97","2605045313600"
"457190","이수스페셜티케미컬","KOSPI","화학","92300","-2900","-3.05","2789201885600"
"007660","이수페타시스","KOSPI","전기·전자","129500","4400","3.52","9506493860500"
"005950","이수화학","KOSPI","화학","7820","-230","-2.86","205620401580"
"015020","이스타코","KOSPI","부동산","464","0","0.00","19883142400"
"074610","이엔플러스","KOSPI","기계·장비","5110","0","0.00","44815400070"
"102460","이연제약","KOSPI","제약","10100","-160","-1.56","187726791100"
"084680","이월드","KOSPI","기타제조","1611","-21","-1.29","228449776923"
"350520","이지스레지던스리츠","KOSPI","부동산","3725","0","0.00","137326602450"
"334890","이지스밸류플러스리츠","KOSPI","부동산","4210","-25","-0.59","292378955430"
"000760","이화산업","KOSPI","유통","14950","-540","-3.49","41860000000"
"014990","인디에프","KOSPI","섬유·의류","760","-2","-0.26","57085876200"
"101140","인바이오젠","KOSPI","유통","9650","-120","-1.23","96926684400"
"006490","인스코비","KOSPI","통신","276","-28","-9.21","34744568292"
"023800","인지컨트롤스","KOSPI","운송장비·부품","6700","-60","-0.89","105921619900"
"034590","인천도시가스","KOSPI","전기·가스","26900","-50","-0.19","117680882600"
"129260","인터지스","KOSPI","운송·창고","2440","-35","-1.41","72584812560"
"023810","인팩","KOSPI","운송장비·부품","7920","-270","-3.30","79200000000"
"249420","일동제약","KOSPI","제약","31400","-1450","-4.41","993441112800"
"000230","일동홀딩스","KOSPI","제약","10370","-370","-3.45","119673948000"
"013360","일성건설","KOSPI","건설","1844","-16","-0.86","99621878720"
"003120","일성아이에스","KOSPI","제약","23600","-600","-2.48","313880000000"
"003200","일신방직","KOSPI","섬유·의류","12330","-180","-1.44","283096800000"
"007110","일신석재","KOSPI","유통","1530","-44","-2.80","118508613300"
"007570","일양약품","KOSPI","제약","13050","0","0.00","249067915200"
"007575","일양약품우","KOSPI","제약","12980","0","0.00","5777138400"
"008500","일정실업","KOSPI","섬유·의류","2555","-15","-0.58","15330000000"
"081000","일진다이아","KOSPI","화학","13490","-340","-2.46","191598132750"
"020760","일진디스플","KOSPI","전기·전자","902","0","0.00","46465394382"
"103590","일진전기","KOSPI","전기·전자","82100","-200","-0.24","3914970519000"
"271940","일진하이솔루스","KOSPI","운송장비·부품","16400","-400","-2.38","595536316000"
"015860","일진홀딩스","KOSPI","기타금융","7280","-330","-4.34","359249676240"
"226320","잇츠한불","KOSPI","화학","10230","0","0.00","224336892450"
"317400","자이에스앤디","KOSPI","부동산","4375","-95","-2.13","169673525000"
"033240","자화전자","KOSPI","전기·전자","39150","-150","-0.38","851772299400"
"000950","전방","KOSPI","섬유·의류","36000","-200","-0.55","60480000000"
"079900","전진건설로봇","KOSPI","기계·장비","52800","-1700","-3.12","770486376000"
"348950","제이알글로벌리츠","KOSPI","부동산","1505","-22","-1.44","297050880000"
"194370","제이에스코퍼레이션","KOSPI","섬유·의류","11860","-290","-2.39","344138749880"
"030000","제일기획","KOSPI","일반서비스","20950","50","0.24","2410113663750"
"271980","제일약품","KOSPI","제약","14430","0","0.00","212191302960"
"001560","제일연마","KOSPI","비금속","11420","-330","-2.81","111916000000"
"002620","제일파마홀딩스","KOSPI","일반서비스","9020","50","0.56","144079662100"
"006220","제주은행","KOSPI","은행","13520","-220","-1.60","511036490640"
"089590","제주항공","KOSPI","운송·창고","5010","-150","-2.91","404011334850"
"004910","조광페인트","KOSPI","화학","4830","-95","-1.93","61824000000"
"004700","조광피혁","KOSPI","섬유·의류","69900","-800","-1.13","464774746200"
"001550","조비","KOSPI","화학","16530","540","3.38","85827710670"
"462520","조선내화","KOSPI","비금속","13940","-60","-0.43","165261041920"
"120030","조선선재","KOSPI","금속","100000","-1700","-1.67","125765100000"
"018470","조일알미늄","KOSPI","금속","1286","-11","-0.85","162848393206"
"002600","조흥","KOSPI","음식료·담배","147800","900","0.61","88680000000"
"185750","종근당","KOSPI","제약","86700","-1300","-1.48","1196701026000"
"063160","종근당바이오","KOSPI","제약","19360","-220","-1.12","106208224320"
"001630","종근당홀딩스","KOSPI","제약","48600","-450","-0.92","243479244600"
"109070","주성코퍼레이션","KOSPI","전기·전자","943","33","3.63","49800046890"
"044380","주연테크","KOSPI","전기·전자","377","14","3.86","24309556414"
"013890","지누스","KOSPI","기타제조","11500","-520","-4.33","255927624000"
"013870","지엠비코리아","KOSPI","운송장비·부품","5240","-40","-0.76","99938747200"
"071320","지역난방공사","KOSPI","전기·가스","89700","-900","-0.99","1038613336800"
"088790","진도","KOSPI","유통","2600","70","2.77","32364134400"
"003780","진양산업","KOSPI","화학","5480","-120","-2.14","71240000000"
"010640","진양폴리","KOSPI","화학","2490","-30","-1.19","24900000000"
"100250","진양홀딩스","KOSPI","화학","3005","-30","-0.99","167965352460"
"051630","진양화학","KOSPI","화학","2240","-70","-3.03","47488000000"
"272450","진에어","KOSPI","운송·창고","6220","-250","-3.86","324684000000"
"011000","진원생명과학","KOSPI","제약","1022","-44","-4.13","92882330954"
"002780","진흥기업","KOSPI","건설","1045","241","29.98","152017973525"
"002787","진흥기업2우B","KOSPI","건설","7900","-590","-6.95","2328983200"
"002785","진흥기업우B","KOSPI","건설","3555","70","2.01","3047409990"
"025620","차AI헬스케어","KOSPI","화학","9110","-250","-2.67","165838194030"
"009310","참엔지니어링","KOSPI","기계·장비","1065","0","0.00","23307603810"
"000650","천일고속","KOSPI","운송·창고","237500","-6500","-2.66","339439750000"
"033250","체시스","KOSPI","운송장비·부품","921","-2","-0.22","29472000000"
"035720","카카오","KOSPI","IT 서비스","50000","-1500","-2.91","22138321400000"
"323410","카카오뱅크","KOSPI","은행","24650","150","0.61","11759133047050"
"377300","카카오페이","KOSPI","기타금융","60200","-800","-1.31","8140499609200"
"006380","카프로","KOSPI","화학","3660","0","0.00","618539985360"
"279570","케이뱅크","KOSPI","은행","6710","-240","-3.45","2722214463210"
"001620","케이비아이동국실업","KOSPI","운송장비·부품","625","-20","-3.10","69558144375"
"029460","케이씨","KOSPI","의료·정밀기기","32550","-250","-0.76","418923284850"
"281820","케이씨텍","KOSPI","의료·정밀기기","50800","-400","-0.78","1051068408400"
"381970","케이카","KOSPI","유통","14330","-60","-0.42","699602751840"
"145270","케이탑리츠","KOSPI","부동산","898","0","0.00","43158575052"
"417310","코람코더원리츠","KOSPI","부동산","9380","110","1.19","378952000000"
"357120","코람코라이프인프라리츠","KOSPI","부동산","4640","0","0.00","451636042560"
"007815","코리아써우","KOSPI","전기·전자","16950","400","2.42","50251495500"
"007810","코리아써키트","KOSPI","전기·전자","62100","1900","3.16","1489320950400"
"00781K","코리아써키트2우B","KOSPI","전기·전자","12720","110","0.87","9968651280"
"003690","코리안리","KOSPI","보험","13100","-280","-2.09","2552155506100"
"192820","코스맥스","KOSPI","화학","179200","3300","1.88","2033832012800"
"044820","코스맥스비티아이","KOSPI","기타금융","15100","-100","-0.66","145019207100"
"005070","코스모신소재","KOSPI","화학","48850","-2050","-4.03","1588150430600"
"005420","코스모화학","KOSPI","화학","14430","-610","-4.06","554230730040"
"071950","코아스","KOSPI","기타제조","2055","-10","-0.48","24496436385"
"002020","코오롱","KOSPI","기타금융","53300","-2600","-4.65","687979344000"
"138490","코오롱ENP","KOSPI","화학","13210","100","0.76","501980000000"
"003070","코오롱글로벌","KOSPI","건설","10490","190","1.84","266697329910"
"003075","코오롱글로벌우","KOSPI","건설","15500","190","1.24","11481423500"
"002025","코오롱우","KOSPI","기타금융","26750","0","0.00","31041689750"
"120110","코오롱인더","KOSPI","화학","70500","-500","-0.70","1940095915500"
"120115","코오롱인더우","KOSPI","화학","27150","-550","-1.99","75147399000"
"021240","코웨이","KOSPI","일반서비스","73000","-2000","-2.67","5166022098000"
"036420","콘텐트리중앙","KOSPI","오락·문화","6810","-40","-0.58","131176317480"
"024720","콜마홀딩스","KOSPI","기타금융","9030","-140","-1.53","309695218770"
"192400","쿠쿠홀딩스","KOSPI","기타금융","28500","-500","-1.72","1013522272500"
"284740","쿠쿠홈시스","KOSPI","일반서비스","25150","-50","-0.20","564298849500"
"264900","크라운제과","KOSPI","음식료·담배","8400","-30","-0.36","105200340000"
"26490K","크라운제과우","KOSPI","음식료·담배","9170","-60","-0.65","7093545200"
"005740","크라운해태홀딩스","KOSPI","기타금융","6700","-10","-0.15","99477224900"
"005745","크라운해태홀딩스우","KOSPI","기타금융","7490","0","0.00","4499437740"
"259960","크래프톤","KOSPI","IT 서비스","232000","-2000","-0.85","10997865112000"
"020120","키다리스튜디오","KOSPI","IT 서비스","3290","-75","-2.23","121939790140"
"039490","키움증권","KOSPI","증권","449000","-20000","-4.26","12173354003000"
"014580","태경비케이","KOSPI","비금속","4430","-40","-0.89","122193133000"
"015890","태경산업","KOSPI","화학","4870","60","1.25","142344012500"
"006890","태경케미컬","KOSPI","화학","8660","190","2.24","100456000000"
"003240","태광산업","KOSPI","화학","1146000","-44000","-3.70","1275956400000"
"011280","태림포장","KOSPI","종이·목재","1909","-10","-0.52","135168539460"
"004100","태양금속","KOSPI","운송장비·부품","3030","15","0.50","111201000000"
"004105","태양금속우","KOSPI","운송장비·부품","3735","-115","-2.99","12325500000"
"009410","태영건설","KOSPI","건설","1845","-9","-0.49","549053693910"
"009415","태영건설우","KOSPI","건설","6180","90","1.48","4016839320"
"001420","태원물산","KOSPI","운송장비·부품","2690","-65","-2.36","20444000000"
"055490","테이팩스","KOSPI","화학","15000","-270","-1.77","71544750000"
"078000","텔코웨어","KOSPI","IT 서비스","17850","-180","-1.00","164935374450"
"214420","토니모리","KOSPI","화학","6820","-250","-3.54","164053729180"
"019180","티에이치엔","KOSPI","전기·전자","9140","-160","-1.72","164520000000"
"217590","티엠씨","KOSPI","전기·전자","19580","520","2.73","471764925500"
"363280","티와이홀딩스","KOSPI","기타금융","2760","-10","-0.36","139184779680"
"36328K","티와이홀딩스우","KOSPI","기타금융","4100","55","1.36","5096357400"
"091810","티웨이항공","KOSPI","운송·창고","1081","-40","-3.57","363198741835"
"004870","티웨이홀딩스","KOSPI","비금속","337","-14","-3.99","38136097478"
"034230","파라다이스","KOSPI","오락·문화","18890","930","5.18","1747522891640"
"005690","파미셀","KOSPI","제약","15930","-750","-4.50","956070236520"
"036580","팜스코","KOSPI","음식료·담배","3285","-115","-3.38","120651292755"
"004720","팜젠사이언스","KOSPI","제약","3660","-85","-2.27","80353477320"
"028670","팬오션","KOSPI","운송·창고","5050","-140","-2.70","2699576035600"
"010820","퍼스텍","KOSPI","금속","7470","-80","-1.06","364326376860"
"016800","퍼시스","KOSPI","기타제조","37100","-950","-2.50","426650000000"
"001020","페이퍼코리아","KOSPI","종이·목재","625","-21","-3.25","111239570625"
"090080","평화산업","KOSPI","운송장비·부품","913","-7","-0.76","50125762467"
"010770","평화홀딩스","KOSPI","운송장비·부품","3935","-125","-3.08","57551208710"
"022100","포스코DX","KOSPI","일반서비스","31750","-500","-1.55","4827102645750"
"058430","포스코스틸리온","KOSPI","금속","44400","-600","-1.33","266400000000"
"047050","포스코인터내셔널","KOSPI","유통","71800","200","0.28","12631256178400"
"003670","포스코퓨처엠","KOSPI","전기·전자","198000","-2500","-1.25","17611351560000"
"017810","풀무원","KOSPI","음식료·담배","11730","-240","-2.01","447153957660"
"103140","풍산","KOSPI","금속","99900","-2500","-2.44","2799625372200"
"005810","풍산홀딩스","KOSPI","기타금융","37850","-500","-1.30","545694502200"
"950210","프레스티지바이오파마","KOSPI","일반서비스","9410","-490","-4.95","565504818550"
"009810","플레이그램","KOSPI","유통","1040","-23","-2.16","31592600000"
"086790","하나금융지주","KOSPI","기타금융","113200","-1300","-1.14","31506482144800"
"293480","하나제약","KOSPI","제약","9110","-230","-2.46","161911538060"
"039130","하나투어","KOSPI","일반서비스","41550","-950","-2.24","643606674600"
"352820","하이브","KOSPI","오락·문화","354500","-13000","-3.54","15267551407000"
"071090","하이스틸","KOSPI","금속","3540","-15","-0.42","71477807340"
"000080","하이트진로","KOSPI","음식료·담배","16600","-390","-2.30","1164217942600"
"000087","하이트진로2우B","KOSPI","음식료·담배","14040","-20","-0.14","15867137520"
"000140","하이트진로홀딩스","KOSPI","기타금융","9070","-70","-0.77","210485358550"
"000145","하이트진로홀딩스우","KOSPI","기타금융","11250","90","0.81","5296612500"
"152550","한국ANKOR유전","KOSPI","기타금융","272","12","4.62","19045440000"
"036460","한국가스공사","KOSPI","전기·가스","36250","-350","-0.96","3346346250000"
"005430","한국공항","KOSPI","운송·창고","57800","-900","-1.53","183015319000"
"071050","한국금융지주","KOSPI","기타금융","229000","-12000","-4.98","12761252168000"
"071055","한국금융지주우","KOSPI","기타금융","166400","-8100","-4.64","974812966400"
"010040","한국내화","KOSPI","비금속","1991","-24","-1.19","81764520442"
"025540","한국단자","KOSPI","전기·전자","74300","-1100","-1.46","751544500000"
"010100","한국무브넥스","KOSPI","운송장비·부품","4620","-170","-3.55","140680940400"
"004090","한국석유","KOSPI","비금속","18680","1010","5.72","237126161600"
"002200","한국수출포장","KOSPI","종이·목재","3030","-35","-1.14","121200000000"
"002960","한국쉘석유","KOSPI","화학","498000","-33000","-6.21","647400000000"
"000240","한국앤컴퍼니","KOSPI","기타금융","26600","-400","-1.48","2525277384000"
"123890","한국자산신탁","KOSPI","기타금융","2875","0","0.00","351825037250"
"015760","한국전력","KOSPI","전기·가스","48300","-1650","-3.30","31006864919100"
"006200","한국전자홀딩스","KOSPI","기타금융","723","-34","-4.49","33838667328"
"027970","한국제지","KOSPI","종이·목재","738","-20","-2.64","140351538906"
"023350","한국종합기술","KOSPI","일반서비스","4525","25","0.56","49548750000"
"025890","한국주강","KOSPI","기계·장비","1575","-4","-0.25","17812082925"
"000970","한국주철관","KOSPI","금속","6740","-10","-0.15","153675370000"
"104700","한국철강","KOSPI","금속","9530","130","1.38","347368500000"
"017960","한국카본","KOSPI","금속","48350","-400","-0.82","2509773654200"
"161890","한국콜마","KOSPI","화학","69800","-500","-0.71","1647634374600"
"161390","한국타이어앤테크놀로지","KOSPI","화학","57000","-900","-1.55","7060878933000"
"034830","한국토지신탁","KOSPI","기타금융","1697","139","8.92","428474223310"
"007280","한국특강","KOSPI","금속","1370","-5","-0.36","83314236070"
"047810","한국항공우주","KOSPI","운송장비·부품","190400","-3900","-2.01","18559260372800"
"123690","한국화장품","KOSPI","유통","8340","-200","-2.34","134007120000"
"003350","한국화장품제조","KOSPI","화학","43800","-1550","-3.42","198501600000"
"011500","한농화성","KOSPI","화학","20750","-950","-4.38","324468621500"
"002390","한독","KOSPI","제약","10700","-190","-1.74","147269803100"
"053690","한미글로벌","KOSPI","일반서비스","23150","1950","9.20","253667282500"
"042700","한미반도체","KOSPI","기계·장비","307000","-4000","-1.29","29260845400000"
"008930","한미사이언스","KOSPI","기타금융","37600","-800","-2.08","2571522280000"
"128940","한미약품","KOSPI","제약","519000","-12000","-2.26","6648904329000"
"009240","한샘","KOSPI","유통","42700","-750","-1.73","1004898725600"
"020000","한섬","KOSPI","섬유·의류","25300","300","1.20","567674999100"
"003680","한성기업","KOSPI","음식료·담배","4995","-35","-0.70","31016527425"
"105630","한세실업","KOSPI","섬유·의류","12140","-120","-0.98","485600000000"
"069640","한세엠케이","KOSPI","유통","576","-13","-2.21","25808545152"
"016450","한세예스24홀딩스","KOSPI","섬유·의류","4885","-15","-0.31","195400000000"
"009180","한솔로지스틱스","KOSPI","운송·창고","2900","-40","-1.36","81651892500"
"213500","한솔제지","KOSPI","종이·목재","8340","0","0.00","198496803840"
"014680","한솔케미칼","KOSPI","화학","283500","-8000","-2.74","3223450282500"
"004710","한솔테크닉스","KOSPI","전기·전자","4925","-95","-1.89","156565149150"
"004150","한솔홀딩스","KOSPI","기타금융","3305","-15","-0.45","135592979100"
"025750","한솔홈데코","KOSPI","종이·목재","551","-19","-3.33","44391397099"
"004960","한신공영","KOSPI","건설","13640","60","0.44","157824375280"
"011700","한신기계","KOSPI","기계·장비","4945","-205","-3.98","160446216695"
"001750","한양증권","KOSPI","증권","26000","-400","-1.52","330941884000"
"001755","한양증권우","KOSPI","증권","25600","-350","-1.35","13440000000"
"018880","한온시스템","KOSPI","기계·장비","4110","-290","-6.59","4217939088720"
"009420","한올바이오파마","KOSPI","제약","55500","-1900","-3.31","2899355409000"
"014130","한익스프레스","KOSPI","운송·창고","2635","-15","-0.57","31620000000"
"300720","한일시멘트","KOSPI","비금속","16570","-230","-1.37","1218644113130"
"002220","한일철강","KOSPI","금속","3835","-110","-2.79","102384759100"
"003300","한일홀딩스","KOSPI","비금속","18050","260","1.46","556533556200"
"051600","한전KPS","KOSPI","건설","61400","1100","1.82","2763000000000"
"052690","한전기술","KOSPI","일반서비스","168000","-4300","-2.50","6420960000000"
"130660","한전산업","KOSPI","일반서비스","20400","-900","-4.23","665040000000"
"002320","한진","KOSPI","운송·창고","19110","-210","-1.09","296560751760"
"003480","한진중공업홀딩스","KOSPI","전기·가스","4720","-25","-0.53","139380712640"
"180640","한진칼","KOSPI","기타금융","128000","5900","4.83","8545571712000"
"18064K","한진칼우","KOSPI","기타금융","36400","600","1.68","19538282400"
"005110","한창","KOSPI","유통","1254","0","0.00","26467434378"
"009460","한창제지","KOSPI","종이·목재","498","2","0.40","29714408028"
"372910","한컴라이프케어","KOSPI","의료·정밀기기","2435","-45","-1.81","67387178610"
"000880","한화","KOSPI","화학","121600","-4000","-3.18","9114982176000"
"00088K","한화3우B","KOSPI","화학","47850","-1950","-3.92","928502501850"
"452260","한화갤러리아","KOSPI","유통","2615","-95","-3.51","506942880150"
"45226K","한화갤러리아우","KOSPI","유통","7070","-180","-2.48","20534602900"
"451800","한화리츠","KOSPI","부동산","5140","0","0.00","923144000000"
"489790","한화비전","KOSPI","전기·전자","87200","3300","3.93","4402587608000"
"088350","한화생명","KOSPI","보험","4930","-320","-6.10","4281852900000"
"000370","한화손해보험","KOSPI","보험","6830","-330","-4.61","797326789450"
"009830","한화솔루션","KOSPI","화학","49750","-1050","-2.07","8551653666000"
"009835","한화솔루션우","KOSPI","화학","28950","300","1.05","74556353550"
"272210","한화시스템","KOSPI","전기·전자","141000","1200","0.86","26637633849000"
"012450","한화에어로스페이스","KOSPI","운송장비·부품","1375000","-15000","-1.08","70899676375000"
"082740","한화엔진","KOSPI","기계·장비","48550","-900","-1.82","4051358744100"
"042660","한화오션","KOSPI","운송장비·부품","130000","-2900","-2.18","39833741220000"
"003530","한화투자증권","KOSPI","증권","7380","-160","-2.12","1583362579500"
"003535","한화투자증권우","KOSPI","증권","8370","-230","-2.67","40176000000"
"195870","해성디에스","KOSPI","전기·전자","56000","-1500","-2.61","952000000000"
"101530","해태제과식품","KOSPI","음식료·담배","6550","-60","-0.91","190715184100"
"143210","핸즈코퍼레이션","KOSPI","운송장비·부품","1030","25","2.49","22532019410"
"000720","현대건설","KOSPI","건설","169500","-600","-0.35","18874802167500"
"000725","현대건설우","KOSPI","건설","73900","-600","-0.81","77941812700"
"453340","현대그린푸드","KOSPI","유통","15870","-130","-0.81","515805406920"
"086280","현대글로비스","KOSPI","운송·창고","230500","-6000","-2.54","17287500000000"
"064350","현대로템","KOSPI","운송장비·부품","186300","-6700","-3.47","20333209185900"
"079430","현대리바트","KOSPI","기타제조","7180","-20","-0.28","147443324760"
"012330","현대모비스","KOSPI","운송장비·부품","413000","-17000","-3.95","37472556779000"
"069960","현대백화점","KOSPI","유통","86000","-2700","-3.04","1946077918000"
"004560","현대비앤지스틸","KOSPI","금속","16770","-520","-3.01","252871660470"
"004310","현대약품","KOSPI","제약","9200","-110","-1.18","294400000000"
"017800","현대엘리베이터","KOSPI","기계·장비","87400","-1100","-1.24","3416674449000"
"307950","현대오토에버","KOSPI","IT 서비스","426000","-8000","-1.84","11682616332000"
"011210","현대위아","KOSPI","운송장비·부품","84200","-3400","-3.88","2289825988600"
"004020","현대제철","KOSPI","금속","35850","-1400","-3.76","4784031392250"
"005440","현대지에프홀딩스","KOSPI","기타금융","14960","-460","-2.98","2332328342960"
"005380","현대차","KOSPI","운송장비·부품","522000","-23000","-4.22","106883553852000"
"005387","현대차2우B","KOSPI","운송장비·부품","270500","-9000","-3.22","9457743065000"
"005389","현대차3우B","KOSPI","운송장비·부품","255000","-7500","-2.86","593500260000"
"005385","현대차우","KOSPI","운송장비·부품","269000","-10500","-3.76","6278718240000"
"001500","현대차증권","KOSPI","증권","11220","-380","-3.28","693766753680"
"011760","현대코퍼레이션","KOSPI","유통","25950","200","0.78","343291667700"
"227840","현대코퍼레이션홀딩스","KOSPI","유통","12110","-90","-0.74","110211123960"
"126560","현대퓨처넷","KOSPI","통신","3190","-45","-1.39","351547394550"
"001450","현대해상","KOSPI","보험","30300","-1300","-4.11","2708820000000"
"057050","현대홈쇼핑","KOSPI","유통","83000","-1100","-1.31","996000000000"
"093240","형지엘리트","KOSPI","섬유·의류","1005","-20","-1.95","61697210295"
"003010","혜인","KOSPI","유통","5330","-30","-0.56","67758941510"
"111110","호전실업","KOSPI","섬유·의류","7450","20","0.27","69851200000"
"008770","호텔신라","KOSPI","유통","43300","-1050","-2.37","1699443639300"
"008775","호텔신라우","KOSPI","유통","33550","-150","-0.45","25225540450"
"378850","화승알앤에이","KOSPI","운송장비·부품","3640","-20","-0.55","69136787720"
"241590","화승엔터프라이즈","KOSPI","섬유·의류","4735","-70","-1.46","286890221860"
"006060","화승인더","KOSPI","유통","3260","-15","-0.46","180343200000"
"013520","화승코퍼레이션","KOSPI","운송장비·부품","2830","-90","-3.08","141645043160"
"010690","화신","KOSPI","운송장비·부품","11960","-650","-5.15","417648103600"
"133820","화인베스틸","KOSPI","금속","1280","-31","-2.36","47506562560"
"010660","화천기계","KOSPI","기계·장비","5780","-190","-3.18","127160000000"
"000850","화천기공","KOSPI","기계·장비","37550","-700","-1.83","82610000000"
"016580","환인제약","KOSPI","제약","10150","-90","-0.88","188790710500"
"032560","황금에스티","KOSPI","금속","5900","-100","-1.67","100300000000"
"004800","효성","KOSPI","기타금융","145000","-3000","-2.03","2427359015000"
"094280","효성ITX","KOSPI","일반서비스","12460","-50","-0.40","144015172000"
"298040","효성중공업","KOSPI","전기·전자","2693000","-38000","-1.39","25111007764000"
"298020","효성티앤씨","KOSPI","화학","388500","-6000","-1.52","1681304457000"
"298000","효성화학","KOSPI","화학","38900","0","0.00","147501447900"
"093370","후성","KOSPI","화학","7000","-220","-3.05","750787310000"
"005870","휴니드","KOSPI","전기·전자","9040","10","0.11","127608775600"
"079980","휴비스","KOSPI","화학","2475","-45","-1.79","85387500000"
"005010","휴스틸","KOSPI","금속","5240","120","2.34","294425513000"
"000540","흥국화재","KOSPI","보험","4670","-260","-5.27","300013152150"
"000545","흥국화재우","KOSPI","보험","6860","-140","-2.00","5268480000"
"003280","흥아해운","KOSPI","운송·창고","3050","135","4.63","733295941950"